fecha,comprobante,documento,cuenta,nit,tercero_nombre,descripcion,debito,credito
2026-09-03,CP,FC-1001,613505,800100100-1,PROVEEDOR EJEMPLO A SAS,Documento FC-1001,1000000,0
2026-09-03,CP,FC-1001,240802,800100100-1,PROVEEDOR EJEMPLO A SAS,Documento FC-1001,190000,0
2026-09-03,CP,FC-1001,220505,800100100-1,PROVEEDOR EJEMPLO A SAS,Documento FC-1001,0,1165000
2026-09-03,CP,FC-1001,236540,800100100-1,PROVEEDOR EJEMPLO A SAS,Documento FC-1001,0,25000
2026-09-08,CP,FC-1002,613505,800200200-7,PROVEEDOR EJEMPLO B SAS,Documento FC-1002,2000000,0
2026-09-08,CP,FC-1002,240802,800200200-7,PROVEEDOR EJEMPLO B SAS,Documento FC-1002,380000,0
2026-09-08,CP,FC-1002,220505,800200200-7,PROVEEDOR EJEMPLO B SAS,Documento FC-1002,0,2330000
2026-09-08,CP,FC-1002,236540,800200200-7,PROVEEDOR EJEMPLO B SAS,Documento FC-1002,0,50000
2026-09-20,CP,FC-1004,613505,800100100-1,PROVEEDOR EJEMPLO A SAS,Documento FC-1004,700000,0
2026-09-20,CP,FC-1004,240802,800100100-1,PROVEEDOR EJEMPLO A SAS,Documento FC-1004,133000,0
2026-09-20,CP,FC-1004,220505,800100100-1,PROVEEDOR EJEMPLO A SAS,Documento FC-1004,0,815500
2026-09-20,CP,FC-1004,236540,800100100-1,PROVEEDOR EJEMPLO A SAS,Documento FC-1004,0,17500
2026-09-05,FV,SE-501,130505,900300300-7,CLIENTE EJEMPLO X SAS,Documento SE-501,5950000,0
2026-09-05,FV,SE-501,413550,900300300-7,CLIENTE EJEMPLO X SAS,Documento SE-501,0,5000000
2026-09-05,FV,SE-501,240801,900300300-7,CLIENTE EJEMPLO X SAS,Documento SE-501,0,950000
2026-09-12,FV,SE-502,130505,900400400-4,CLIENTE EJEMPLO Y SAS,Documento SE-502,3570000,0
2026-09-12,FV,SE-502,413550,900400400-4,CLIENTE EJEMPLO Y SAS,Documento SE-502,0,3000000
2026-09-12,FV,SE-502,240801,900400400-4,CLIENTE EJEMPLO Y SAS,Documento SE-502,0,570000
2026-09-25,FV,SE-504,130505,900300300-7,CLIENTE EJEMPLO X SAS,Documento SE-504,1190000,0
2026-09-25,FV,SE-504,413550,900300300-7,CLIENTE EJEMPLO X SAS,Documento SE-504,0,1000000
2026-09-25,FV,SE-504,240801,900300300-7,CLIENTE EJEMPLO X SAS,Documento SE-504,0,190000
2026-09-28,RC,RC-1,111005,,,Documento RC-1,8000000,0
2026-09-28,RC,RC-1,130505,900300300-7,CLIENTE EJEMPLO X SAS,Documento RC-1,0,8000000
2026-09-29,CE,CE-1,220505,800100100-1,PROVEEDOR EJEMPLO A SAS,Documento CE-1,1500000,0
2026-09-29,CE,CE-1,111005,,,Documento CE-1,0,1500000
